video cutter 3,,,,,,,,,,,,,,,,,,,,,,,,,
"June 1, 2025 - May 31, 2026",,,,,,,,,,,,,,,,,,,,,,,,,
Keyword,Currency,Avg. monthly searches,Three month change,YoY change,Competition,Competition (indexed value),Top of page bid (low range),Top of page bid (high range),Ad impression share,Organic impression share,Organic average position,In account?,In plan?,Searches: Jun 2025,Searches: Jul 2025,Searches: Aug 2025,Searches: Sep 2025,Searches: Oct 2025,Searches: Nov 2025,Searches: Dec 2025,Searches: Jan 2026,Searches: Feb 2026,Searches: Mar 2026,Searches: Apr 2026,Searches: May 2026
video trimmer,BDT,50000,0%,0%,Low,6,17.21,174.90,,,,,,,,,,,,,,,,,
video cutter,BDT,500000,0%,0%,Low,8,8.41,130.33,,,,,,,,,,,,,,,,,
online video cutter,BDT,50000,900%,0%,Low,5,7.94,76.23,,,,,,,,,,,,,,,,,
trim video online,BDT,50000,0%,0%,Low,5,5.08,132.79,,,,,,,,,,,,,,,,,
free video cutter,BDT,5000,0%,0%,Low,20,8.69,113.56,,,,,,,,,,,,,,,,,
free video trimmer,BDT,5000,0%,0%,Low,22,15.57,184.09,,,,,,,,,,,,,,,,,
cut video online free,BDT,50000,0%,0%,Low,9,4.08,61.48,,,,,,,,,,,,,,,,,
mp4 trimmer,BDT,50000,0%,0%,Low,2,23.98,265.58,,,,,,,,,,,,,,,,,
trim video online free,BDT,50000,0%,0%,Low,8,3.23,84.81,,,,,,,,,,,,,,,,,
video clipper,BDT,50000,0%,900%,Low,17,13.93,199.26,,,,,,,,,,,,,,,,,
video shortener,BDT,5000,0%,0%,Low,10,15.81,243.44,,,,,,,,,,,,,,,,,
trim large video online free,BDT,5000,0%,0%,Low,13,7.38,124.42,,,,,,,,,,,,,,,,,
video cutter download,BDT,5000,0%,0%,Low,24,1.96,51.75,,,,,,,,,,,,,,,,,
video splicer,BDT,500,0%,0%,Medium,35,50.41,229.97,,,,,,,,,,,,,,,,,
video trimmer download,BDT,500,0%,-90%,Low,23,3.39,123.43,,,,,,,,,,,,,,,,,
clip video online,BDT,5000,0%,0%,Low,9,14.54,189.28,,,,,,,,,,,,,,,,,
easy video cutter,BDT,5000,0%,0%,Low,10,3.81,138.97,,,,,,,,,,,,,,,,,
mp4 cutter,BDT,50000,0%,0%,Low,3,13.53,98.10,,,,,,,,,,,,,,,,,
clip trimmer,BDT,5000,0%,0%,Low,7,39.63,479.51,,,,,,,,,,,,,,,,,
video cutter for pc,BDT,5000,0%,0%,Medium,39,2.17,35.31,,,,,,,,,,,,,,,,,
video cutter free download,BDT,5000,0%,0%,Low,28,1.48,35.66,,,,,,,,,,,,,,,,,
trim mp4 video,BDT,500,0%,0%,Low,13,24.81,238.40,,,,,,,,,,,,,,,,,
youtube to mp4 trim,BDT,50000,0%,-99%,Low,1,,,,,,,,,,,,,,,,,,,
video cutter app,BDT,5000,0%,0%,Medium,34,1.23,17.21,,,,,,,,,,,,,,,,,
video cutting tool,BDT,500,0%,0%,Low,32,24.75,214.05,,,,,,,,,,,,,,,,,
edit video length,BDT,500,0%,0%,Low,18,25.96,243.44,,,,,,,,,,,,,,,,,
free video trimming software,BDT,500,0%,0%,Medium,48,27.05,303.95,,,,,,,,,,,,,,,,,
video trimming software,BDT,5000,0%,0%,Medium,42,24.64,279.77,,,,,,,,,,,,,,,,,
cut mp4 video,BDT,5000,0%,0%,Low,11,18.27,140.69,,,,,,,,,,,,,,,,,
clip cutter,BDT,50000,0%,900%,Low,7,28.28,153.57,,,,,,,,,,,,,,,,,
youtube video cutter,BDT,50000,0%,0%,Low,3,11.07,137.71,,,,,,,,,,,,,,,,,
video clipping tool,BDT,500,0%,0%,Medium,37,20.98,241.57,,,,,,,,,,,,,,,,,
free video trimmer no watermark,BDT,50,0%,0%,Low,16,,,,,,,,,,,,,,,,,,,
cut video editor,BDT,5000,0%,0%,Low,19,6.34,141.29,,,,,,,,,,,,,,,,,
video trimmer app,BDT,5000,0%,0%,Low,15,2.21,132.67,,,,,,,,,,,,,,,,,
youtube cutter,BDT,5000,0%,900%,Low,5,5.40,72.58,,,,,,,,,,,,,,,,,
free video splicer,BDT,50,-90%,0%,Medium,52,78.23,277.87,,,,,,,,,,,,,,,,,
simple video cutter,BDT,500,0%,0%,Low,17,18.44,189.35,,,,,,,,,,,,,,,,,
youtube video cutter online,BDT,50000,0%,0%,Low,2,10.46,93.69,,,,,,,,,,,,,,,,,
free video clipper,BDT,5000,0%,0%,Low,22,15.57,184.09,,,,,,,,,,,,,,,,,
video trimmer no watermark,BDT,500,0%,0%,Low,8,5.37,111.51,,,,,,,,,,,,,,,,,
video cutter software,BDT,500,0%,-90%,Medium,35,3.94,142.62,,,,,,,,,,,,,,,,,
trim video for free,BDT,500,0%,0%,Low,24,15.16,174.88,,,,,,,,,,,,,,,,,
trim youtube video,BDT,5000,0%,0%,Low,4,30.24,257.00,,,,,,,,,,,,,,,,,
free video clipping tool,BDT,500,0%,0%,Medium,43,22.00,237.50,,,,,,,,,,,,,,,,,
free video cutting tool,BDT,500,0%,0%,Medium,43,22.00,237.50,,,,,,,,,,,,,,,,,
video editor cut out parts,BDT,50,0%,0%,Medium,42,47.21,306.32,,,,,,,,,,,,,,,,,
online cutter,BDT,50000,0%,0%,Low,2,17.09,130.33,,,,,,,,,,,,,,,,,
best video trimmer,BDT,500,0%,0%,Medium,35,27.64,392.13,,,,,,,,,,,,,,,,,
snip video,BDT,500,0%,0%,Low,11,40.43,217.62,,,,,,,,,,,,,,,,,
video cutter online converter,BDT,50,0%,-90%,Low,2,,,,,,,,,,,,,,,,,,,
mp4 cutter free,BDT,5000,0%,0%,Low,14,12.47,118.03,,,,,,,,,,,,,,,,,
mp4 clipper,BDT,5000,0%,0%,Low,5,44.59,427.72,,,,,,,,,,,,,,,,,
video snipping tool free,BDT,50,0%,-90%,Medium,39,35.52,189.29,,,,,,,,,,,,,,,,,
movie cutter,BDT,500,0%,-90%,Low,10,9.56,131.55,,,,,,,,,,,,,,,,,
video editor trim,BDT,500,0%,0%,Low,21,9.84,242.34,,,,,,,,,,,,,,,,,
online mp4 cutter,BDT,5000,0%,0%,Low,3,5.57,81.15,,,,,,,,,,,,,,,,,
trim my video,BDT,500,0%,0%,Low,28,23.36,262.92,,,,,,,,,,,,,,,,,
cut parts out of video,BDT,500,0%,0%,Low,25,40.57,226.23,,,,,,,,,,,,,,,,,
online video clipper,BDT,50000,0%,0%,Low,5,5.08,132.79,,,,,,,,,,,,,,,,,
best video cutter,BDT,500,0%,0%,Low,22,2.65,143.80,,,,,,,,,,,,,,,,,
cut and edit video,BDT,50000,0%,0%,Low,12,11.42,153.78,,,,,,,,,,,,,,,,,
youtube trimmer,BDT,5000,900%,900%,Low,1,6.22,129.62,,,,,,,,,,,,,,,,,
crop video length,BDT,500,0%,0%,Low,8,29.90,196.83,,,,,,,,,,,,,,,,,
shorten video online,BDT,500,0%,-90%,Low,6,15.61,115.70,,,,,,,,,,,,,,,,,
cut my video,BDT,500,0%,0%,Low,19,12.70,167.21,,,,,,,,,,,,,,,,,
best youtube video cutter online,BDT,5000,0%,0%,Low,3,13.40,119.58,,,,,,,,,,,,,,,,,
cut large video online free,BDT,500,0%,0%,Low,18,15.98,175.01,,,,,,,,,,,,,,,,,
youtube cutter online,BDT,5000,0%,0%,Low,3,4.92,66.21,,,,,,,,,,,,,,,,,
free online video cutter for large files,BDT,500,-90%,-90%,Low,17,7.54,107.90,,,,,,,,,,,,,,,,,
online trimmer,BDT,5000,0%,0%,Medium,52,0.72,37.90,,,,,,,,,,,,,,,,,
trim clip,BDT,5000,0%,0%,High,99,26.70,133.49,,,,,,,,,,,,,,,,,
cut and trim video,BDT,500,0%,0%,Low,13,3.83,127.77,,,,,,,,,,,,,,,,,
free online video cutter for large files,BDT,500,-90%,-90%,Low,17,7.56,108.13,,,,,,,,,,,,,,,,,
youtube trimmer,BDT,5000,900%,900%,Low,1,6.23,129.90,,,,,,,,,,,,,,,,,
video chopper,BDT,500,0%,0%,Low,16,12.73,147.48,,,,,,,,,,,,,,,,,
easy video trimmer,BDT,5000,0%,0%,Low,10,3.82,139.27,,,,,,,,,,,,,,,,,
trim a video for free,BDT,50,0%,0%,Medium,48,60.16,263.82,,,,,,,,,,,,,,,,,
video editor crop,BDT,5000,0%,0%,Low,21,8.96,158.95,,,,,,,,,,,,,,,,,
trim and merge videos online,BDT,500,-90%,-90%,Low,11,21.12,123.52,,,,,,,,,,,,,,,,,
website to edit videos,BDT,500,0%,0%,Low,31,18.35,220.86,,,,,,,,,,,,,,,,,
edit video without watermark,BDT,500,0%,0%,Low,32,6.45,98.73,,,,,,,,,,,,,,,,,
video trimmer free no watermark,BDT,50,0%,0%,Low,15,46.54,178.66,,,,,,,,,,,,,,,,,
free video cropping tool,BDT,500,0%,0%,Medium,36,62.84,202.02,,,,,,,,,,,,,,,,,
online clip editor,BDT,500,0%,0%,Low,23,22.84,168.38,,,,,,,,,,,,,,,,,
free video cropping software,BDT,500,0%,0%,Medium,34,23.20,225.31,,,,,,,,,,,,,,,,,
youtube clipper,BDT,5000,0%,0%,Low,7,21.60,253.63,,,,,,,,,,,,,,,,,
edit mp4 video online,BDT,500,0%,0%,Low,27,7.46,134.18,,,,,,,,,,,,,,,,,
video clip cutter,BDT,5000,0%,0%,Low,16,6.47,142.93,,,,,,,,,,,,,,,,,
simple video trimmer,BDT,500,0%,0%,Low,17,35.73,232.77,,,,,,,,,,,,,,,,,
download and edit youtube videos,BDT,500,0%,0%,Low,14,73.96,322.54,,,,,,,,,,,,,,,,,
video trim tool,BDT,500,0%,0%,Low,31,29.20,268.76,,,,,,,,,,,,,,,,,
cut and paste video editor,BDT,50,0%,-90%,Medium,46,11.09,268.61,,,,,,,,,,,,,,,,,
cut down video,BDT,500,0%,0%,Low,18,34.50,228.24,,,,,,,,,,,,,,,,,
app to cut parts out of a video,BDT,50,0%,0%,Medium,52,27.26,336.38,,,,,,,,,,,,,,,,,
trim video android,BDT,500,0%,0%,Low,17,23.77,199.61,,,,,,,,,,,,,,,,,
edit mp4 video free,BDT,500,0%,0%,Medium,53,48.40,248.90,,,,,,,,,,,,,,,,,
cut video online converter,BDT,50,0%,0%,Low,0,,,,,,,,,,,,,,,,,,,
crop my video,BDT,500,0%,0%,Low,17,16.58,185.18,,,,,,,,,,,,,,,,,
crop and trim video,BDT,500,0%,-90%,Low,10,8.04,151.84,,,,,,,,,,,,,,,,,
cut out video,BDT,500,0%,0%,Low,10,25.39,217.05,,,,,,,,,,,,,,,,,
download and edit youtube videos free,BDT,50,-100%,-100%,Unknown,,,,,,,,,,,,,,,,,,,,
best video cutter app,BDT,500,0%,0%,Medium,49,1.26,116.73,,,,,,,,,,,,,,,,,
crop video android,BDT,500,0%,0%,Low,7,17.62,164.23,,,,,,,,,,,,,,,,,
best free video cutter,BDT,500,-90%,-90%,Medium,34,18.48,201.02,,,,,,,,,,,,,,,,,
make video shorter,BDT,500,0%,0%,Low,23,10.62,183.87,,,,,,,,,,,,,,,,,
trim mp4 online,BDT,5000,0%,0%,Low,3,5.59,81.32,,,,,,,,,,,,,,,,,
youtube video clipper,BDT,5000,0%,0%,Low,9,33.96,239.11,,,,,,,,,,,,,,,,,
video slicer,BDT,500,0%,0%,Low,12,35.73,241.50,,,,,,,,,,,,,,,,,
ai video cutter,BDT,5000,0%,0%,Medium,40,7.81,170.98,,,,,,,,,,,,,,,,,
best free video trimmer,BDT,50,0%,-90%,Low,32,41.89,256.69,,,,,,,,,,,,,,,,,
large video trimmer,BDT,500,0%,0%,Low,23,17.25,121.98,,,,,,,,,,,,,,,,,
free mp4 trimmer,BDT,500,0%,0%,Low,10,39.83,225.19,,,,,,,,,,,,,,,,,
edit video online without watermark,BDT,500,0%,0%,Low,21,13.42,91.19,,,,,,,,,,,,,,,,,
crop youtube video,BDT,5000,0%,0%,Low,3,27.11,231.40,,,,,,,,,,,,,,,,,
cut video length,BDT,500,0%,0%,Low,10,15.62,130.61,,,,,,,,,,,,,,,,,
edit movie online,BDT,50000,0%,0%,Medium,33,6.20,68.27,,,,,,,,,,,,,,,,,
video clip trimmer,BDT,500,0%,0%,Low,13,39.87,193.58,,,,,,,,,,,,,,,,,
cutting program free,BDT,500,0%,0%,Medium,35,82.84,298.49,,,,,,,,,,,,,,,,,
free video trimmer without watermark,BDT,50,0%,0%,Low,28,35.24,140.10,,,,,,,,,,,,,,,,,
crop video size,BDT,5000,0%,0%,Low,7,18.83,136.58,,,,,,,,,,,,,,,,,
free video trimmer download,BDT,500,0%,0%,Medium,37,3.01,104.56,,,,,,,,,,,,,,,,,
free video cutter for pc,BDT,500,0%,0%,Medium,37,2.76,46.30,,,,,,,,,,,,,,,,,
clip shortener,BDT,500,0%,0%,Low,8,35.25,328.20,,,,,,,,,,,,,,,,,
trim video without losing quality,BDT,500,0%,0%,Low,13,9.86,153.77,,,,,,,,,,,,,,,,,
video trimmer for large files,BDT,50,0%,0%,Low,20,35.73,158.64,,,,,,,,,,,,,,,,,
trim and crop video,BDT,500,900%,0%,Low,12,18.48,181.17,,,,,,,,,,,,,,,,,
video cut and merge online,BDT,500,-90%,-90%,Low,21,18.48,99.80,,,,,,,,,,,,,,,,,
quick video trimmer,BDT,50,-90%,-90%,Low,15,49.15,301.81,,,,,,,,,,,,,,,,,
edit video pc,BDT,5000,0%,-90%,Medium,48,15.95,222.16,,,,,,,,,,,,,,,,,
trim mp4 file,BDT,500,0%,0%,Low,12,35.73,194.16,,,,,,,,,,,,,,,,,
online video cutter free for large files,BDT,50,0%,-90%,Low,14,16.02,44.90,,,,,,,,,,,,,,,,,
shorten video length,BDT,500,0%,0%,Low,9,12.46,169.01,,,,,,,,,,,,,,,,,
app to cut video into segments,BDT,50,0%,0%,Medium,65,7.64,236.98,,,,,,,,,,,,,,,,,
video cropper without watermark,BDT,5000,0%,0%,Low,6,2.14,100.52,,,,,,,,,,,,,,,,,
trim a video free,BDT,500,0%,0%,Low,24,15.20,175.26,,,,,,,,,,,,,,,,,
clip mp4,BDT,5000,0%,0%,Low,3,43.13,241.22,,,,,,,,,,,,,,,,,
video splicer online,BDT,500,0%,0%,Low,20,23.41,185.95,,,,,,,,,,,,,,,,,
trim video no watermark,BDT,50,0%,0%,Low,5,,,,,,,,,,,,,,,,,,,
trim youtube video and download,BDT,5000,0%,0%,Low,2,19.62,138.83,,,,,,,,,,,,,,,,,
edit video no watermark,BDT,5000,0%,0%,Low,29,14.83,187.20,,,,,,,,,,,,,,,,,
ai video cutting,BDT,5000,0%,0%,Medium,40,7.81,170.98,,,,,,,,,,,,,,,,,
web edit video,BDT,5000,0%,0%,Low,31,7.39,124.62,,,,,,,,,,,,,,,,,
video cutter without watermark,BDT,500,0%,0%,Low,15,3.28,67.16,,,,,,,,,,,,,,,,,
mp4 shortener,BDT,500,0%,0%,Low,4,27.11,221.24,,,,,,,,,,,,,,,,,
crop video online free no watermark,BDT,500,0%,0%,Low,6,10.60,221.85,,,,,,,,,,,,,,,,,
free online video trimmer for large files,BDT,50,0%,0%,Low,13,7.44,95.99,,,,,,,,,,,,,,,,,
video cutter no watermark,BDT,500,0%,0%,Low,15,3.28,67.16,,,,,,,,,,,,,,,,,
video trimmer for pc,BDT,500,0%,0%,Medium,36,2.35,47.78,,,,,,,,,,,,,,,,,
youtube video cut and download,BDT,5000,900%,0%,Low,2,3.54,43.56,,,,,,,,,,,,,,,,,
video chop,BDT,500,0%,0%,Low,7,21.60,228.29,,,,,,,,,,,,,,,,,
auto cut video editor,BDT,500,0%,0%,Medium,41,14.93,251.36,,,,,,,,,,,,,,,,,
video splicer app,BDT,500,0%,0%,Medium,44,101.18,417.82,,,,,,,,,,,,,,,,,
video cutter freeware,BDT,500,0%,-90%,Low,22,13.68,135.73,,,,,,,,,,,,,,,,,
free video shortener,BDT,50,0%,900%,Low,23,13.30,195.24,,,,,,,,,,,,,,,,,
edit video download,BDT,5000,-90%,0%,Low,27,5.04,176.73,,,,,,,,,,,,,,,,,
clideo video cutter,BDT,5000,0%,0%,Low,8,10.70,91.05,,,,,,,,,,,,,,,,,
mp4 cutter freeware,BDT,5000,0%,0%,Low,14,12.50,118.29,,,,,,,,,,,,,,,,,
cut section out of video,BDT,50,0%,0%,Low,29,33.27,200.24,,,,,,,,,,,,,,,,,
trim video file,BDT,500,0%,0%,Low,8,35.73,280.15,,,,,,,,,,,,,,,,,
video trimmer without watermark,BDT,500,-90%,-90%,Low,14,2.39,68.46,,,,,,,,,,,,,,,,,
free edit video app,BDT,50000,900%,900%,Low,8,4.64,156.68,,,,,,,,,,,,,,,,,
youtube cut and download,BDT,5000,0%,0%,Low,2,23.36,104.64,,,,,,,,,,,,,,,,,
free software to cut video clips,BDT,50,0%,0%,Medium,59,45.61,255.72,,,,,,,,,,,,,,,,,
video cropper download,BDT,500,0%,0%,Low,20,2.37,110.12,,,,,,,,,,,,,,,,,
free video trimmer app,BDT,50,0%,-90%,Medium,62,6.17,138.05,,,,,,,,,,,,,,,,,
edit video free no watermark,BDT,500,0%,0%,Medium,40,5.95,82.82,,,,,,,,,,,,,,,,,
mp4 cutter and joiner,BDT,500,0%,900%,Low,15,23.41,139.23,,,,,,,,,,,,,,,,,
easiest way to trim a video,BDT,500,0%,0%,Low,26,74.53,311.55,,,,,,,,,,,,,,,,,
free video trimming tool,BDT,50,0%,0%,Medium,35,52.20,229.43,,,,,,,,,,,,,,,,,
cut video no watermark,BDT,50,0%,-90%,Low,10,8.01,102.47,,,,,,,,,,,,,,,,,
cut video app free,BDT,50,0%,0%,Medium,41,6.06,133.07,,,,,,,,,,,,,,,,,
free video trimmer for large files,BDT,50,0%,0%,Medium,33,24.15,122.99,,,,,,,,,,,,,,,,,
online video splicer,BDT,500,0%,0%,Low,20,23.41,185.95,,,,,,,,,,,,,,,,,
video cropper and trimmer,BDT,500,0%,0%,Low,14,12.81,194.68,,,,,,,,,,,,,,,,,
edit video online free without watermark,BDT,5000,0%,0%,Low,22,8.63,136.29,,,,,,,,,,,,,,,,,
crop mp4 video online,BDT,500,0%,0%,Low,6,3.72,79.95,,,,,,,,,,,,,,,,,
video cutter for pc free download,BDT,500,0%,0%,Medium,42,1.68,28.34,,,,,,,,,,,,,,,,,
video cutter and joiner,BDT,500,0%,0%,Low,21,4.84,99.80,,,,,,,,,,,,,,,,,
movie trimmer,BDT,500,0%,0%,Low,8,30.29,173.75,,,,,,,,,,,,,,,,,
best video trimming software,BDT,50,0%,-90%,Medium,44,70.26,564.07,,,,,,,,,,,,,,,,,
edit video cut parts,BDT,50,0%,0%,Medium,50,17.89,134.31,,,,,,,,,,,,,,,,,
free app to cut videos,BDT,50,0%,0%,Medium,61,13.55,202.81,,,,,,,,,,,,,,,,,
split video online free,BDT,5000,0%,0%,Low,9,4.78,80.08,,,,,,,,,,,,,,,,,
large video cutter,BDT,500,0%,0%,Low,23,17.25,121.98,,,,,,,,,,,,,,,,,
best app for cutting videos,BDT,500,0%,0%,Medium,49,1.26,116.73,,,,,,,,,,,,,,,,,
cut mp4 file,BDT,500,0%,0%,Low,12,15.15,125.33,,,,,,,,,,,,,,,,,
trim youtube video online,BDT,5000,0%,0%,Low,2,18.16,130.14,,,,,,,,,,,,,,,,,
yt cutter,BDT,50000,0%,900%,Low,6,5.75,62.20,,,,,,,,,,,,,,,,,
easy video splitter,BDT,500,0%,0%,Low,20,12.70,158.95,,,,,,,,,,,,,,,,,
mkv cutter,BDT,500,0%,-90%,Low,7,35.73,172.50,,,,,,,,,,,,,,,,,
free video cutter app,BDT,500,0%,0%,Medium,47,1.41,55.45,,,,,,,,,,,,,,,,,
video editor cut and merge,BDT,50,0%,0%,Medium,39,10.54,185.12,,,,,,,,,,,,,,,,,
video editor to trim videos,BDT,50,0%,0%,High,71,40.58,165.11,,,,,,,,,,,,,,,,,
online video cutting tool,BDT,50000,900%,0%,Low,5,7.96,76.39,,,,,,,,,,,,,,,,,
video cat online,BDT,500,0%,900%,Low,14,32.83,139.23,,,,,,,,,,,,,,,,,
cut a section out of a video,BDT,50,0%,0%,Low,22,24.84,208.20,,,,,,,,,,,,,,,,,
edit mp4 online free,BDT,500,0%,0%,Low,23,6.01,112.13,,,,,,,,,,,,,,,,,
video shorter,BDT,50000,0%,0%,Low,2,1.23,86.54,,,,,,,,,,,,,,,,,
best app to trim videos,BDT,500,0%,0%,Medium,56,8.52,314.20,,,,,,,,,,,,,,,,,
video cutter download for pc,BDT,500,0%,0%,Medium,40,1.66,35.73,,,,,,,,,,,,,,,,,
clip online,BDT,500,0%,-90%,Low,20,13.55,280.23,,,,,,,,,,,,,,,,,
vedit video cutter and merger,BDT,500,0%,0%,Low,13,1.23,23.12,,,,,,,,,,,,,,,,,
free website to edit videos,BDT,500,0%,0%,Medium,42,14.68,156.48,,,,,,,,,,,,,,,,,
best software to cut videos,BDT,50,0%,0%,Medium,44,29.47,224.76,,,,,,,,,,,,,,,,,
app to shorten video,BDT,50,0%,0%,Medium,59,53.82,203.31,,,,,,,,,,,,,,,,,
trim clips video,BDT,50,0%,0%,Low,27,107.23,249.33,,,,,,,,,,,,,,,,,
cut video file,BDT,500,0%,0%,Low,20,12.38,142.93,,,,,,,,,,,,,,,,,
clip mp4 video,BDT,500,0%,0%,Low,12,30.68,351.67,,,,,,,,,,,,,,,,,
edit mp4 length,BDT,500,0%,0%,Low,12,13.78,167.97,,,,,,,,,,,,,,,,,
trim an mp4 video file,BDT,50,0%,0%,Medium,38,36.60,213.39,,,,,,,,,,,,,,,,,
edit clip,BDT,5000,0%,0%,Low,17,39.71,218.27,,,,,,,,,,,,,,,,,
video cut online editor,BDT,50,0%,-90%,Low,11,,,,,,,,,,,,,,,,,,,
edit video frame by frame,BDT,500,0%,0%,Low,25,38.20,268.41,,,,,,,,,,,,,,,,,
mp4 cutter download,BDT,500,0%,0%,Low,19,2.80,85.90,,,,,,,,,,,,,,,,,
crop and trim video online,BDT,500,0%,0%,Low,6,29.30,277.03,,,,,,,,,,,,,,,,,
slice video,BDT,500,0%,0%,Low,7,46.68,213.64,,,,,,,,,,,,,,,,,
online video crop and trim,BDT,500,0%,0%,Low,6,29.30,277.03,,,,,,,,,,,,,,,,,
trim video length,BDT,500,0%,0%,Low,10,1.56,236.06,,,,,,,,,,,,,,,,,
trim middle of video,BDT,50,0%,0%,Low,27,50.99,393.06,,,,,,,,,,,,,,,,,
trim video without watermark,BDT,500,0%,0%,Low,8,5.38,111.75,,,,,,,,,,,,,,,,,
slice video online,BDT,50,0%,0%,Low,13,,,,,,,,,,,,,,,,,,,
free video cutter no watermark,BDT,50,0%,0%,Low,28,6.48,67.92,,,,,,,,,,,,,,,,,
shorten mp4,BDT,5000,0%,0%,Low,1,14.14,166.87,,,,,,,,,,,,,,,,,
free app to trim videos,BDT,50,0%,0%,Medium,58,15.06,178.54,,,,,,,,,,,,,,,,,
edit video file,BDT,500,0%,0%,Low,23,24.64,310.77,,,,,,,,,,,,,,,,,
edit video length online,BDT,500,0%,0%,Low,16,5.15,181.22,,,,,,,,,,,,,,,,,
trim mov file,BDT,500,0%,0%,Low,18,22.62,159.99,,,,,,,,,,,,,,,,,
video time editor,BDT,50,900%,0%,Low,11,15.66,109.15,,,,,,,,,,,,,,,,,
video length cropper,BDT,500,0%,0%,Low,7,20.95,117.05,,,,,,,,,,,,,,,,,
youtube trim and download,BDT,5000,0%,0%,Low,1,21.33,111.32,,,,,,,,,,,,,,,,,
trim video free no watermark,BDT,50,0%,0%,Low,6,,,,,,,,,,,,,,,,,,,
software to clip videos,BDT,500,0%,0%,Medium,52,129.35,582.08,,,,,,,,,,,,,,,,,
cut a part of video,BDT,50,0%,0%,Low,17,3.77,108.65,,,,,,,,,,,,,,,,,
split video app,BDT,500,0%,0%,Low,4,12.67,193.15,,,,,,,,,,,,,,,,,
crop video without losing quality,BDT,500,0%,0%,Low,15,9.22,120.75,,,,,,,,,,,,,,,,,
edit video size,BDT,5000,0%,0%,Low,14,8.21,138.60,,,,,,,,,,,,,,,,,
cut a video free,BDT,5000,0%,0%,Low,20,8.70,113.80,,,,,,,,,,,,,,,,,
cut your video,BDT,50,0%,-90%,Low,28,15.52,127.59,,,,,,,,,,,,,,,,,
fade out video online,BDT,500,0%,0%,Low,7,5.63,61.61,,,,,,,,,,,,,,,,,
mp4 video cutter free download,BDT,50,-90%,0%,Medium,34,2.58,36.96,,,,,,,,,,,,,,,,,
split video editor,BDT,500,0%,0%,Low,22,21.08,188.96,,,,,,,,,,,,,,,,,
avi cutter,BDT,500,0%,0%,Low,9,16.32,82.54,,,,,,,,,,,,,,,,,
4k video trimmer,BDT,50,0%,0%,Low,17,38.12,338.08,,,,,,,,,,,,,,,,,
change size of video,BDT,5000,0%,0%,Low,14,8.21,138.60,,,,,,,,,,,,,,,,,
video cutter and merger,BDT,500,0%,0%,Low,26,2.67,99.80,,,,,,,,,,,,,,,,,
edit mp4 video online free,BDT,500,0%,0%,Low,29,7.04,153.02,,,,,,,,,,,,,,,,,
cut down video length,BDT,50,0%,0%,Low,19,34.50,152.42,,,,,,,,,,,,,,,,,
split large video into parts online,BDT,500,0%,0%,Low,14,17.25,191.65,,,,,,,,,,,,,,,,,
auto edit video online,BDT,500,0%,0%,Low,31,8.90,97.98,,,,,,,,,,,,,,,,,
cut free trimmer,BDT,50,0%,0%,High,91,1.08,94.52,,,,,,,,,,,,,,,,,
cut parts of video online,BDT,500,-90%,-90%,Low,10,10.39,96.11,,,,,,,,,,,,,,,,,
editing an mp4 video file,BDT,50,0%,0%,Medium,51,94.05,429.41,,,,,,,,,,,,,,,,,
program to trim videos,BDT,500,0%,0%,Medium,45,20.94,290.79,,,,,,,,,,,,,,,,,
program to cut videos free,BDT,500,0%,-90%,Medium,43,25.88,245.65,,,,,,,,,,,,,,,,,
edit video online free cut,BDT,50,0%,0%,Low,22,17.25,156.48,,,,,,,,,,,,,,,,,
cut video android,BDT,500,0%,0%,Low,19,14.86,134.31,,,,,,,,,,,,,,,,,
mkv trimmer,BDT,500,0%,0%,Low,7,35.73,172.50,,,,,,,,,,,,,,,,,
mov trimmer,BDT,500,0%,0%,Low,7,35.73,242.73,,,,,,,,,,,,,,,,,
video editor to cut videos,BDT,5000,0%,0%,Low,19,6.36,141.59,,,,,,,,,,,,,,,,,
edit video free online no watermark,BDT,50,0%,0%,Low,29,14.57,120.35,,,,,,,,,,,,,,,,,
video cutter software free download,BDT,500,0%,0%,Medium,38,1.82,49.43,,,,,,,,,,,,,,,,,
make video shorter online,BDT,50,0%,0%,Low,12,4.70,52.72,,,,,,,,,,,,,,,,,
free software to trim mp4 video,BDT,50,0%,0%,Medium,40,21.68,237.61,,,,,,,,,,,,,,,,,
trim long video online free,BDT,50,0%,0%,Low,13,17.00,126.32,,,,,,,,,,,,,,,,,
video trimmer and cropper,BDT,500,0%,0%,Low,14,25.49,222.60,,,,,,,,,,,,,,,,,
trim video app free,BDT,50,0%,0%,Medium,53,2.46,125.02,,,,,,,,,,,,,,,,,
free video cutter without watermark,BDT,50,0%,0%,Low,28,6.48,67.92,,,,,,,,,,,,,,,,,
crop and edit video,BDT,5000,0%,0%,Low,21,8.96,158.95,,,,,,,,,,,,,,,,,
editor video free download,BDT,5000,0%,-90%,Medium,39,6.36,171.27,,,,,,,,,,,,,,,,,
remove middle part of video online,BDT,50,0%,0%,Low,10,,,,,,,,,,,,,,,,,,,
trimming software,BDT,500,0%,0%,Low,8,79.94,1305.07,,,,,,,,,,,,,,,,,
cut and edit video online,BDT,5000,0%,0%,Low,8,7.08,98.91,,,,,,,,,,,,,,,,,
video trimming free,BDT,500,0%,-90%,Low,22,13.68,135.73,,,,,,,,,,,,,,,,,
cut video without watermark,BDT,50,0%,-90%,Low,11,11.49,53.26,,,,,,,,,,,,,,,,,
video trimmer large files,BDT,50,0%,0%,Low,20,22.69,406.00,,,,,,,,,,,,,,,,,
youtube clip cutter,BDT,50000,0%,0%,Low,3,11.09,138.00,,,,,,,,,,,,,,,,,
free video editor cut,BDT,50,0%,0%,Low,32,16.14,133.70,,,,,,,,,,,,,,,,,
shorten video clip,BDT,5000,0%,0%,Low,9,12.74,228.36,,,,,,,,,,,,,,,,,
youtube cropper,BDT,5000,0%,0%,Low,2,7.47,121.90,,,,,,,,,,,,,,,,,
movie cutter free,BDT,50,0%,0%,Low,31,24.64,155.89,,,,,,,,,,,,,,,,,
crop out part of video,BDT,50,0%,0%,Low,20,107.36,292.39,,,,,,,,,,,,,,,,,
video editor crop and trim online,BDT,50,0%,0%,Low,26,10.46,144.70,,,,,,,,,,,,,,,,,
youtube to mp4 cut,BDT,5000,0%,-90%,Low,0,5.91,177.91,,,,,,,,,,,,,,,,,
free video clipping software,BDT,500,0%,0%,Medium,61,93.58,394.82,,,,,,,,,,,,,,,,,
online video cutter and joiner,BDT,500,0%,0%,Low,9,17.25,142.93,,,,,,,,,,,,,,,,,
video duration editor,BDT,50,0%,0%,Low,17,23.41,157.72,,,,,,,,,,,,,,,,,
video cutter app download,BDT,500,0%,0%,Low,26,0.96,6.13,,,,,,,,,,,,,,,,,
video cutter app for pc,BDT,50,0%,0%,Low,6,,,,,,,,,,,,,,,,,,,
edit video clip online,BDT,50,0%,-90%,Low,30,16.68,113.31,,,,,,,,,,,,,,,,,
cut long video,BDT,50,0%,0%,Low,21,20.14,265.78,,,,,,,,,,,,,,,,,
edit video tool,BDT,50000,0%,0%,Low,13,25.71,307.58,,,,,,,,,,,,,,,,,
cut a video for free,BDT,5000,0%,0%,Low,20,8.70,113.80,,,,,,,,,,,,,,,,,
youtube video cutter and download,BDT,5000,-90%,-90%,Low,2,9.55,102.00,,,,,,,,,,,,,,,,,
free mp4 video trimmer,BDT,50,0%,-90%,Low,25,28.85,171.64,,,,,,,,,,,,,,,,,
free video editor trim,BDT,50,0%,0%,Low,32,7.39,37.90,,,,,,,,,,,,,,,,,
automatic video cutter,BDT,50,0%,-90%,Medium,35,35.73,227.43,,,,,,,,,,,,,,,,,
crop cut video online,BDT,50,0%,0%,Low,7,,,,,,,,,,,,,,,,,,,
hd video cutter app,BDT,50,0%,0%,Medium,40,1.23,4.92,,,,,,,,,,,,,,,,,
video cutter into parts,BDT,50,0%,-90%,Low,12,3.38,108.20,,,,,,,,,,,,,,,,,
youtube video song cutter,BDT,50,0%,0%,Low,0,,,,,,,,,,,,,,,,,,,
video cutting app free,BDT,50,0%,900%,Low,33,1.74,114.63,,,,,,,,,,,,,,,,,
video trim youtube,BDT,5000,0%,0%,Low,2,20.90,268.04,,,,,,,,,,,,,,,,,
trim online youtube video,BDT,5000,0%,0%,Low,2,18.12,129.87,,,,,,,,,,,,,,,,,
clip youtube video online free,BDT,50,0%,0%,Low,7,,,,,,,,,,,,,,,,,,,
cut youtube video length,BDT,50,0%,0%,Low,4,,,,,,,,,,,,,,,,,,,
cutter video youtube online,BDT,50000,0%,0%,Low,2,10.46,93.69,,,,,,,,,,,,,,,,,
video compressor and cutter,BDT,500,0%,0%,Low,11,13.52,393.13,,,,,,,,,,,,,,,,,
youtube video cut and download online,BDT,500,0%,0%,Low,1,7.01,61.48,,,,,,,,,,,,,,,,,
easy way to trim videos,BDT,50,0%,0%,Low,29,50.77,294.41,,,,,,,,,,,,,,,,,
cutter youtube video online,BDT,50,0%,0%,Low,2,,,,,,,,,,,,,,,,,,,
split mp4 file online,BDT,50,0%,0%,Low,12,17.21,102.50,,,,,,,,,,,,,,,,,
youtube video trimmer online and download,BDT,50,0%,0%,Low,2,,,,,,,,,,,,,,,,,,,
youtube video cutter and download free,BDT,500,0%,-90%,Low,4,,,,,,,,,,,,,,,,,,,
trim avi file,BDT,50,0%,0%,Low,19,43.82,159.12,,,,,,,,,,,,,,,,,
edit mp4 online,BDT,5000,0%,0%,Low,13,6.66,107.97,,,,,,,,,,,,,,,,,
app to cut video in between,BDT,50,0%,0%,High,71,2.21,84.84,,,,,,,,,,,,,,,,,
youtube online cut,BDT,50,0%,0%,Low,4,,,,,,,,,,,,,,,,,,,
youtube video trim and download online free,BDT,500,-90%,-90%,Low,2,,,,,,,,,,,,,,,,,,,
youtube video clip cut,BDT,5000,0%,900%,Low,3,2.42,69.25,,,,,,,,,,,,,,,,,
youtube clip trimmer,BDT,500,0%,900%,Low,3,,,,,,,,,,,,,,,,,,,
trim video youtube online,BDT,5000,0%,0%,Low,2,18.12,129.87,,,,,,,,,,,,,,,,,
youtube video time cutter,BDT,50,0%,0%,Low,0,,,,,,,,,,,,,,,,,,,
trim youtube video link,BDT,50,0%,0%,Low,0,,,,,,,,,,,,,,,,,,,
video cutter pc free,BDT,500,0%,0%,Medium,37,2.75,46.20,,,,,,,,,,,,,,,,,
cut youtube clip online,BDT,50,0%,0%,Low,2,,,,,,,,,,,,,,,,,,,
website to cut youtube videos,BDT,50,0%,0%,Low,6,,,,,,,,,,,,,,,,,,,
free video cutter for pc download,BDT,50,0%,0%,High,86,,,,,,,,,,,,,,,,,,,
cut the video from youtube,BDT,500,0%,0%,Low,5,4.10,98.26,,,,,,,,,,,,,,,,,
cut video file into parts,BDT,50,0%,0%,Low,31,17.21,260.91,,,,,,,,,,,,,,,,,
cut and convert youtube video online,BDT,50,0%,0%,Low,0,,,,,,,,,,,,,,,,,,,
best video cutter for pc free,BDT,50,0%,0%,Medium,39,2.07,60.19,,,,,,,,,,,,,,,,,
youtube mp4 download cut,BDT,500,0%,-99%,Low,2,,,,,,,,,,,,,,,,,,,
easy way to clip videos,BDT,50,0%,0%,Medium,63,85.27,289.99,,,,,,,,,,,,,,,,,
video auto cutter,BDT,500,0%,0%,Medium,37,14.01,161.68,,,,,,,,,,,,,,,,,
youtube online trimmer,BDT,500,0%,900%,Low,2,11.31,94.67,,,,,,,,,,,,,,,,,
video trimmer app download,BDT,50,0%,0%,Low,28,1.23,31.97,,,,,,,,,,,,,,,,,
best way to cut a video,BDT,50,0%,0%,Low,27,76.68,383.68,,,,,,,,,,,,,,,,,
video cutter & merger,BDT,500,0%,0%,Low,26,2.67,99.59,,,,,,,,,,,,,,,,,
video splitter freeware,BDT,500,0%,0%,Low,22,13.51,137.02,,,,,,,,,,,,,,,,,
download trim,BDT,50,0%,-90%,Low,2,,,,,,,,,,,,,,,,,,,
cut and trim youtube videos,BDT,50,0%,0%,Low,5,,,,,,,,,,,,,,,,,,,
online clip,BDT,5000,0%,900%,Low,2,32.68,128.32,,,,,,,,,,,,,,,,,
online video cutter from youtube link,BDT,50,0%,0%,Low,3,,,,,,,,,,,,,,,,,,,
youtube trimmer to mp4,BDT,50,0%,0%,Low,0,,,,,,,,,,,,,,,,,,,
cut a part of youtube video,BDT,500,0%,0%,Low,6,46.52,112.69,,,,,,,,,,,,,,,,,
video cutter software online free download,BDT,50,0%,0%,Low,32,2.19,39.37,,,,,,,,,,,,,,,,,
mpeg video cutter,BDT,50,0%,0%,Low,11,,,,,,,,,,,,,,,,,,,
trimmer video youtube,BDT,50,0%,0%,Low,10,,,,,,,,,,,,,,,,,,,
movie cut video download,BDT,50,0%,0%,Low,4,,,,,,,,,,,,,,,,,,,
video cutter splitter,BDT,50,0%,0%,Low,27,13.80,99.59,,,,,,,,,,,,,,,,,
online cut video youtube,BDT,50,900%,900%,Low,3,20.46,63.93,,,,,,,,,,,,,,,,,
cut a part from youtube video,BDT,50,0%,0%,Low,6,,,,,,,,,,,,,,,,,,,
trim video on pc,BDT,50,0%,0%,Low,14,18.44,228.58,,,,,,,,,,,,,,,,,
free youtube video cutter and download,BDT,50,0%,0%,Low,1,,,,,,,,,,,,,,,,,,,
best youtube trimmer,BDT,50,0%,0%,Low,8,,,,,,,,,,,,,,,,,,,
free movie cutter for pc,BDT,50,0%,0%,High,68,1.46,56.74,,,,,,,,,,,,,,,,,
cut and crop video online,BDT,50000,0%,0%,Low,8,6.68,72.93,,,,,,,,,,,,,,,,,
cut and paste video editor online,BDT,50,0%,0%,Low,32,5.97,34.39,,,,,,,,,,,,,,,,,
trim multiple videos at once,BDT,50,0%,0%,Low,7,,,,,,,,,,,,,,,,,,,
trim webm file,BDT,50,0%,0%,Low,13,,,,,,,,,,,,,,,,,,,
online youtube video cutter and downloader free,BDT,50,0%,0%,Low,0,,,,,,,,,,,,,,,,,,,
free video cutter and joiner,BDT,5000,0%,0%,Low,16,4.20,95.72,,,,,,,,,,,,,,,,,
remove middle of video,BDT,50,0%,0%,Low,0,,,,,,,,,,,,,,,,,,,
youtube to mp4 with trimmer,BDT,500,0%,900%,Low,1,,,,,,,,,,,,,,,,,,,
cut video into parts online,BDT,500,0%,-90%,Low,7,1.12,122.83,,,,,,,,,,,,,,,,,
youtube video part cutter,BDT,50,0%,0%,Low,1,,,,,,,,,,,,,,,,,,,
cut youtube video clip,BDT,500,0%,0%,Low,5,4.10,98.26,,,,,,,,,,,,,,,,,
youtube video online trim and download,BDT,50,0%,0%,Low,2,,,,,,,,,,,,,,,,,,,
free cutting tool,BDT,50,0%,0%,Low,17,19.34,189.35,,,,,,,,,,,,,,,,,
cut video to parts,BDT,50,0%,0%,Low,8,,,,,,,,,,,,,,,,,,,
trim mkv video online,BDT,50,0%,0%,Low,18,,,,,,,,,,,,,,,,,,,
youtube scene cutter,BDT,50,0%,0%,Low,5,,,,,,,,,,,,,,,,,,,
mp4 youtube cut,BDT,5000,0%,-99%,Low,1,,,,,,,,,,,,,,,,,,,
online video cutter crop,BDT,50,900%,900%,Low,1,,,,,,,,,,,,,,,,,,,
youtube video cut short,BDT,50,0%,0%,Low,10,,,,,,,,,,,,,,,,,,,
online free video splitter,BDT,50,0%,0%,Low,10,19.48,90.33,,,,,,,,,,,,,,,,,
video trim and merge online,BDT,50,0%,0%,Low,11,,,,,,,,,,,,,,,,,,,
clip youtube online,BDT,50,0%,0%,Low,1,,,,,,,,,,,,,,,,,,,
mkv cutter online,BDT,50,0%,0%,Low,9,,,,,,,,,,,,,,,,,,,
trim a mov file,BDT,500,0%,0%,Low,18,22.57,159.65,,,,,,,,,,,,,,,,,
mpg video cutter free download,BDT,50,∞,0%,Medium,55,1.21,23.36,,,,,,,,,,,,,,,,,
video youtube trimmer,BDT,50,0%,0%,Low,1,,,,,,,,,,,,,,,,,,,
video cutter app free,BDT,500,0%,0%,Medium,47,1.41,55.33,,,,,,,,,,,,,,,,,
mpeg cutter online,BDT,50,0%,0%,Low,7,11.05,190.02,,,,,,,,,,,,,,,,,
video cutter and merger for pc,BDT,50,0%,0%,Low,32,5.16,62.71,,,,,,,,,,,,,,,,,
clip a youtube video online,BDT,500,0%,0%,Low,4,7.85,129.21,,,,,,,,,,,,,,,,,
video cutter application,BDT,5000,0%,0%,Medium,34,1.23,17.21,,,,,,,,,,,,,,,,,
youtube video slicer,BDT,50,0%,-90%,Low,2,,,,,,,,,,,,,,,,,,,
download part of video,BDT,500,0%,0%,Low,2,,,,,,,,,,,,,,,,,,,
webm cut online,BDT,50,0%,0%,Low,6,,,,,,,,,,,,,,,,,,,
video cutter joiner free,BDT,50,0%,0%,Low,26,8.60,193.04,,,,,,,,,,,,,,,,,
facebook trimmer,BDT,50,0%,0%,Low,1,,,,,,,,,,,,,,,,,,,
free video cutter and merger,BDT,50,0%,0%,Medium,49,4.87,93.80,,,,,,,,,,,,,,,,,
video clip splitter,BDT,50,0%,0%,Low,17,55.33,163.86,,,,,,,,,,,,,,,,,
shorten a youtube video,BDT,500,0%,0%,Low,5,15.62,107.06,,,,,,,,,,,,,,,,,
free video cutter software for pc,BDT,50,0%,0%,Medium,49,2.29,35.66,,,,,,,,,,,,,,,,,
youtube link trimmer,BDT,50,0%,0%,Low,1,,,,,,,,,,,,,,,,,,,
change video duration,BDT,50,0%,0%,Low,17,6.83,77.13,,,,,,,,,,,,,,,,,
video cutter converter free download,BDT,500,0%,0%,Medium,38,1.82,49.32,,,,,,,,,,,,,,,,,
online video crop and cut,BDT,50,0%,0%,Low,10,,,,,,,,,,,,,,,,,,,
mp4 cutter software,BDT,50,0%,0%,Medium,39,29.17,266.60,,,,,,,,,,,,,,,,,
best way to cut videos,BDT,50,0%,0%,Low,33,124.98,479.51,,,,,,,,,,,,,,,,,
cut down youtube video,BDT,500,0%,0%,Low,2,,,,,,,,,,,,,,,,,,,
snip youtube videos,BDT,500,0%,0%,Low,4,2.44,75.98,,,,,,,,,,,,,,,,,
yt trim,BDT,500,900%,0%,Low,1,,,,,,,,,,,,,,,,,,,
youtube clipper online,BDT,500,0%,0%,Low,6,4.04,94.97,,,,,,,,,,,,,,,,,
best way to trim videos,BDT,50,0%,0%,Low,24,54.80,256.85,,,,,,,,,,,,,,,,,
free online video splitter,BDT,5000,0%,0%,Low,9,4.77,79.91,,,,,,,,,,,,,,,,,
cut the youtube video,BDT,500,0%,0%,Low,5,4.10,98.26,,,,,,,,,,,,,,,,,
youtube video clip cutter and download,BDT,50,0%,0%,Low,2,,,,,,,,,,,,,,,,,,,
youtube to video cut,BDT,50,0%,0%,Low,0,,,,,,,,,,,,,,,,,,,
youtube video cutter free download,BDT,500,900%,900%,Low,1,,,,,,,,,,,,,,,,,,,
cut and edit youtube videos online,BDT,50,0%,0%,Low,16,50.92,624.81,,,,,,,,,,,,,,,,,
video cut programs,BDT,5000,0%,0%,Medium,42,24.64,279.77,,,,,,,,,,,,,,,,,
youtube video cutter free,BDT,500,0%,0%,Low,5,14.17,116.46,,,,,,,,,,,,,,,,,
app to cut videos free,BDT,50,0%,0%,Medium,51,5.86,228.69,,,,,,,,,,,,,,,,,
video cut size,BDT,50,0%,0%,Low,4,,,,,,,,,,,,,,,,,,,
youtube cutter online free download,BDT,50,0%,0%,Low,4,,,,,,,,,,,,,,,,,,,
photo video cutter,BDT,50,0%,0%,Low,7,,,,,,,,,,,,,,,,,,,
video cut from youtube,BDT,50,0%,0%,Low,11,6.53,137.89,,,,,,,,,,,,,,,,,
cut from youtube video online,BDT,50,0%,0%,Low,3,,,,,,,,,,,,,,,,,,,
youtube to mp4 and trim,BDT,50,0%,0%,Low,1,,,,,,,,,,,,,,,,,,,
cut scene from youtube video,BDT,50,0%,0%,Low,2,,,,,,,,,,,,,,,,,,,
online media cutter,BDT,50,0%,0%,Low,4,,,,,,,,,,,,,,,,,,,
youtube link video cutter,BDT,50,0%,0%,Low,1,,,,,,,,,,,,,,,,,,,
trim youtube video free,BDT,50,0%,900%,Low,3,62.71,222.75,,,,,,,,,,,,,,,,,
download youtube video cut online,BDT,500,0%,0%,Low,2,,,,,,,,,,,,,,,,,,,
movie cutter software,BDT,50,0%,0%,Medium,42,3.00,130.60,,,,,,,,,,,,,,,,,
trim and cut youtube videos,BDT,50,0%,0%,Low,8,5.64,243.26,,,,,,,,,,,,,,,,,
video trimmer mkv,BDT,500,0%,0%,Low,14,21.12,200.83,,,,,,,,,,,,,,,,,
easy video cutter and joiner,BDT,50,0%,0%,Low,12,,,,,,,,,,,,,,,,,,,
youtube video clip cutter download,BDT,500,0%,0%,Low,1,,,,,,,,,,,,,,,,,,,
shorten mov file,BDT,50,0%,0%,Low,9,,,,,,,,,,,,,,,,,,,
cut down a youtube video,BDT,500,0%,0%,Low,2,,,,,,,,,,,,,,,,,,,
cut video frame online,BDT,50,0%,0%,Low,5,,,,,,,,,,,,,,,,,,,
hd video cutter for pc free download,BDT,50,0%,0%,Low,23,,,,,,,,,,,,,,,,,,,
video trimmer from youtube,BDT,50,0%,0%,Low,4,,,,,,,,,,,,,,,,,,,
convert and cut youtube video,BDT,50,0%,0%,Low,11,,,,,,,,,,,,,,,,,,,
cut and paste video editor free,BDT,50,0%,0%,Medium,50,4.55,147.44,,,,,,,,,,,,,,,,,
cut a scene from youtube video,BDT,50,0%,0%,Low,10,,,,,,,,,,,,,,,,,,,
youtube to video cutter,BDT,50000,0%,0%,Low,3,11.07,137.71,,,,,,,,,,,,,,,,,
youtube video downloader trimmer,BDT,500,0%,900%,Low,1,,,,,,,,,,,,,,,,,,,
audio and video cutter,BDT,5000,0%,0%,Low,4,1.23,26.32,,,,,,,,,,,,,,,,,
chop youtube videos,BDT,500,0%,0%,Low,5,4.10,98.26,,,,,,,,,,,,,,,,,
cut a part of a youtube video,BDT,500,0%,0%,Low,6,46.52,112.69,,,,,,,,,,,,,,,,,
online youtube clipper,BDT,50,0%,0%,Low,6,,,,,,,,,,,,,,,,,,,
cut video to whatsapp status,BDT,50,0%,0%,Low,5,,,,,,,,,,,,,,,,,,,
cut and download youtube videos online free,BDT,500,0%,-90%,Low,0,,,,,,,,,,,,,,,,,,,
cut out youtube video,BDT,50,0%,0%,Low,10,,,,,,,,,,,,,,,,,,,
youtube trim to mp4,BDT,50,0%,0%,Low,0,,,,,,,,,,,,,,,,,,,
split video online without watermark,BDT,50,0%,0%,Low,8,,,,,,,,,,,,,,,,,,,
easy video splitter free,BDT,50,0%,0%,Medium,36,18.17,209.16,,,,,,,,,,,,,,,,,
trim size of video,BDT,50,0%,0%,Low,3,,,,,,,,,,,,,,,,,,,
online video splitter for large files,BDT,50,0%,∞,Low,14,,,,,,,,,,,,,,,,,,,
trim part of youtube video,BDT,50,0%,0%,Low,0,,,,,,,,,,,,,,,,,,,
youtube video trim download,BDT,500,0%,0%,Low,1,,,,,,,,,,,,,,,,,,,
best way to clip videos,BDT,50,0%,0%,Medium,37,60.25,330.97,,,,,,,,,,,,,,,,,
cut webm file,BDT,50,0%,0%,Low,4,,,,,,,,,,,,,,,,,,,
yt video trimmer,BDT,500,0%,0%,Low,1,,,,,,,,,,,,,,,,,,,
cut and download youtube video free,BDT,500,0%,-90%,Low,2,,,,,,,,,,,,,,,,,,,
cut and edit,BDT,5000,0%,-90%,Low,7,17.59,182.37,,,,,,,,,,,,,,,,,
free software for cutting videos,BDT,500,0%,-90%,Medium,43,25.82,245.13,,,,,,,,,,,,,,,,,
youtube cutter to mp4,BDT,50,0%,0%,Low,1,,,,,,,,,,,,,,,,,,,
clip video recording,BDT,50,0%,0%,Low,27,35.72,704.06,,,,,,,,,,,,,,,,,
youtube mp4 cut download,BDT,500,0%,-90%,Low,2,,,,,,,,,,,,,,,,,,,
youtube mp4 clip,BDT,500,0%,0%,Low,1,,,,,,,,,,,,,,,,,,,
cut clip from youtube video,BDT,500,0%,0%,Low,11,29.83,349.78,,,,,,,,,,,,,,,,,
trim and download youtube video online free,BDT,500,0%,-90%,Low,3,,,,,,,,,,,,,,,,,,,
youtube clip cutter and download,BDT,500,0%,-90%,Low,3,,,,,,,,,,,,,,,,,,,
software to cut video into parts,BDT,50,0%,0%,Medium,49,18.44,268.84,,,,,,,,,,,,,,,,,
video trim and merge app,BDT,50,0%,0%,Low,29,,,,,,,,,,,,,,,,,,,
simple cut video editor,BDT,50,0%,0%,Low,27,23.36,211.48,,,,,,,,,,,,,,,,,
video editor cutter free download,BDT,5000,0%,0%,Low,28,1.48,35.66,,,,,,,,,,,,,,,,,
youtube video download trim,BDT,500,0%,0%,Low,0,,,,,,,,,,,,,,,,,,,
trim and download youtube video online,BDT,5000,0%,900%,Low,1,7.08,117.02,,,,,,,,,,,,,,,,,
cut specific part of youtube video,BDT,50,0%,0%,Low,1,,,,,,,,,,,,,,,,,,,
download and cut a youtube video,BDT,50,0%,0%,Low,14,,,,,,,,,,,,,,,,,,,
cut video free app,BDT,50,0%,0%,Medium,43,11.07,117.50,,,,,,,,,,,,,,,,,
download youtube clip trim,BDT,500,0%,-90%,Low,1,,,,,,,,,,,,,,,,,,,
free youtube video cutter,BDT,500,0%,0%,Low,5,14.17,116.46,,,,,,,,,,,,,,,,,
video trimming app free,BDT,50,0%,0%,Medium,37,2.46,42.80,,,,,,,,,,,,,,,,,
cut youtube link,BDT,50,0%,0%,Low,6,,,,,,,,,,,,,,,,,,,
cut a portion of youtube video,BDT,50,0%,0%,Low,13,44.80,120.69,,,,,,,,,,,,,,,,,
youtube to mp4 cutter online,BDT,500,0%,0%,Low,1,,,,,,,,,,,,,,,,,,,
download a part of video,BDT,50,0%,0%,Low,2,,,,,,,,,,,,,,,,,,,
video shortener youtube,BDT,50,0%,0%,Low,6,,,,,,,,,,,,,,,,,,,
cut part from youtube video,BDT,50,0%,0%,Low,3,,,,,,,,,,,,,,,,,,,
cut up youtube videos,BDT,50,0%,0%,Medium,41,138.79,507.51,,,,,,,,,,,,,,,,,
download youtube video online trim,BDT,500,0%,0%,Low,0,,,,,,,,,,,,,,,,,,,
youtube clip online,BDT5000,0%,0%,Low,2,1.23,19.50,,,,,,,,,,,,,,,,,
youtube download and trim,BDT,500,0%,0%,Low,3,,,,,,,,,,,,,,,,,,,
cut video in 2 parts online,BDT,50,0%,0%,Low,16,,,,,,,,,,,,,,,,,,,
google video cut,BDT,50,0%,0%,Low,5,,,,,,,,,,,,,,,,,,,
video clipper download,BDT,500,0%,-90%,Low,23,3.39,123.43,,,,,,,,,,,,,,,,,
youtube video crop and download free,BDT,50,0%,0%,Low,0,,,,,,,,,,,,,,,,,,,
trim video and download youtube,BDT,50,0%,0%,Low,1,,,,,,,,,,,,,,,,,,,
youtube video clip cut download,BDT,500,0%,0%,Low,1,,,,,,,,,,,,,,,,,,,
youtube trimmer video download,BDT,500,0%,900%,Low,0,,,,,,,,,,,,,,,,,,,
cut video in half online,BDT,50,0%,0%,Low,10,16.37,57.43,,,,,,,,,,,,,,,,,
trim youtube video online and download mp4,BDT,50,-100%,-100%,Unknown,,,,,,,,,,,,,,,,,,,,
crop video from middle,BDT,50,0%,0%,Low,8,,,,,,,,,,,,,,,,,,,
youtube live video cutter,BDT,50,0%,0%,Low,2,,,,,,,,,,,,,,,,,,,
youtube trimmer app,BDT,50,0%,0%,Low,15,1.41,121.61,,,,,,,,,,,,,,,,,
best software for cutting videos,BDT,50,0%,0%,Medium,46,38.03,470.26,,,,,,,,,,,,,,,,,
edit mp4 videos online,BDT,500,0%,0%,Low,27,7.44,133.89,,,,,,,,,,,,,,,,,
mpg cut,BDT,50,0%,0%,Low,18,27.12,106.31,,,,,,,,,,,,,,,,,
online cut and download youtube video,BDT,50,0%,0%,Low,0,,,,,,,,,,,,,,,,,,,
youtube clip trimmer download,BDT,50,0%,0%,Low,0,,,,,,,,,,,,,,,,,,,
cut a clip from youtube video,BDT,50,0%,0%,Low,12,14.13,157.23,,,,,,,,,,,,,,,,,
youtube clip converter cut,BDT,50,0%,0%,Low,5,17.79,253.81,,,,,,,,,,,,,,,,,
video merger and cutter online,BDT,50,0%,0%,Medium,43,10.46,82.38,,,,,,,,,,,,,,,,,
youtube to mp4 clipper,BDT,500,0%,0%,Low,1,45.65,417.64,,,,,,,,,,,,,,,,,
mp4 cutter and merger,BDT,50,0%,-90%,Low,15,5.02,175.92,,,,,,,,,,,,,,,,,
online youtube download and cut,BDT,50,0%,0%,Low,0,,,,,,,,,,,,,,,,,,,
yt cutter video,BDT,50,0%,0%,Low,2,,,,,,,,,,,,,,,,,,,
best software for video trimming,BDT,50,0%,0%,Low,29,,,,,,,,,,,,,,,,,,,
online video cutter com remove logo,BDT,500,0%,0%,Low,4,2.28,38.17,,,,,,,,,,,,,,,,,
youtube video cutting download,BDT,500,900%,900%,Low,1,,,,,,,,,,,,,,,,,,,
simple video trim and merge,BDT,50,0%,0%,Low,21,28.19,112.31,,,,,,,,,,,,,,,,,
cutting video into parts,BDT,5000,0%,0%,Low,19,17.38,196.72,,,,,,,,,,,,,,,,,
make youtube video shorter,BDT,50,0%,0%,Low,29,11.24,209.64,,,,,,,,,,,,,,,,,
split video in 30 seconds online,BDT,50,0%,0%,Low,0,,,,,,,,,,,,,,,,,,,
youtube video download and trim,BDT,500,-90%,-90%,Low,2,,,,,,,,,,,,,,,,,,,
cut and download part of youtube video,BDT,50,0%,0%,Low,0,,,,,,,,,,,,,,,,,,,
cut video on youtube and download,BDT,50,0%,0%,Low,3,,,,,,,,,,,,,,,,,,,
trim crop and download youtube video,BDT,50,0%,0%,Low,0,,,,,,,,,,,,,,,,,,,
video splitter and joiner,BDT,50,0%,-90%,Low,16,18.44,99.59,,,,,,,,,,,,,,,,,
youtube cut and download mp4,BDT,50,0%,0%,Low,0,,,,,,,,,,,,,,,,,,,
yt cutter online,BDT,500,0%,-90%,Low,6,3.81,54.91,,,,,,,,,,,,,,,,,
cut portion of youtube video,BDT,500,0%,0%,Low,6,46.52,112.69,,,,,,,,,,,,,,,,,
online youtube video cutter and merger,BDT,50,0%,0%,Low,7,,,,,,,,,,,,,,,,,,,
youtube clip cut download,BDT,500,-90%,-90%,Low,1,,,,,,,,,,,,,,,,,,,
yt video download trim,BDT,50000,0%,900%,Low,0,62.71,185.51,,,,,,,,,,,,,,,,,
youtube download cut,BDT,5000,0%,0%,Low,1,,,,,,,,,,,,,,,,,,,
cut video and download youtube,BDT,50,0%,0%,Low,1,,,,,,,,,,,,,,,,,,,
youtube cut video and download,BDT,5000,-90%,-90%,Low,2,9.53,101.79,,,,,,,,,,,,,,,,,
youtube trim video download,BDT,500,0%,0%,Low,1,,,,,,,,,,,,,,,,,,,
cut segment from youtube video,BDT,50,0%,0%,Low,13,,,,,,,,,,,,,,,,,,,
yt video cutter and download,BDT,500,0%,0%,Low,1,,,,,,,,,,,,,,,,,,,
free video cutter app for pc,BDT,50,0%,0%,Medium,59,8.71,85.67,,,,,,,,,,,,,,,,,
video splitter joiner,BDT,50,0%,-90%,Low,16,18.44,99.59,,,,,,,,,,,,,,,,,
all video cutter for pc free download,BDT,50,0%,0%,Low,23,1.44,28.28,,,,,,,,,,,,,,,,,
cut video from youtube link,BDT,50,0%,0%,Low,9,10.58,83.45,,,,,,,,,,,,,,,,,
trim youtube video download,BDT,500,0%,0%,Low,1,,,,,,,,,,,,,,,,,,,
split video online for free,BDT,50,0%,0%,Low,5,,,,,,,,,,,,,,,,,,,
yt video cutter download,BDT,500,0%,0%,Low,1,,,,,,,,,,,,,,,,,,,
cut a video from youtube and download,BDT,50,0%,0%,Low,0,,,,,,,,,,,,,,,,,,,
cut out part of youtube video,BDT,50,0%,0%,Low,5,,,,,,,,,,,,,,,,,,,
cut youtube video to mp4,BDT,50,0%,0%,Low,2,,,,,,,,,,,,,,,,,,,
download youtube mp4 cut,BDT,500,0%,-90%,Low,4,,,,,,,,,,,,,,,,,,,
yt cut online,BDT,50,0%,0%,Low,1,,,,,,,,,,,,,,,,,,,
youtube to mp4 trim download,BDT,500,0%,-90%,Low,1,,,,,,,,,,,,,,,,,,,
youtube cut video download,BDT,500,0%,0%,Low,1,,,,,,,,,,,,,,,,,,,
youtube video download cutter,BDT,500,900%,900%,Low,0,4.14,51.64,,,,,,,,,,,,,,,,,
cut and download youtube clip,BDT,50,0%,0%,Low,1,,,,,,,,,,,,,,,,,,,
cut video from youtube and download,BDT,5000,-90%,-90%,Low,2,9.53,101.79,,,,,,,,,,,,,,,,,
movie cutting app,BDT,500,0%,0%,Low,22,0.88,68.85,,,,,,,,,,,,,,,,,
youtube converter cut,BDT,500,0%,0%,Low,1,,,,,,,,,,,,,,,,,,,
download a part of a video,BDT,50,0%,0%,Low,0,,,,,,,,,,,,,,,,,,,
youtube download video cut,BDT,500,900%,900%,Low,0,,,,,,,,,,,,,,,,,,,
cut the video size,BDT,50,0%,0%,Low,12,23.36,91.76,,,,,,,,,,,,,,,,,
online video merger and cutter,BDT,50,0%,-90%,Low,22,,,,,,,,,,,,,,,,,,,
video cutter whatsapp status,BDT,50,0%,0%,Low,18,,,,,,,,,,,,,,,,,,,
cut to cut video editing,BDT,5000,0%,0%,Low,19,6.34,141.29,,,,,,,,,,,,,,,,,
cut youtube video and download free,BDT,50,0%,-90%,Low,3,,,,,,,,,,,,,,,,,,,
cut from youtube video,BDT,500,0%,0%,Low,5,4.10,98.26,,,,,,,,,,,,,,,,,
youtube video cutter and converter online,BDT,50,0%,0%,Low,7,,,,,,,,,,,,,,,,,,,
download youtube video trim,BDT,500,0%,0%,Low,1,,,,,,,,,,,,,,,,,,,
download video youtube cut,BDT,5000,0%,0%,Low,0,4.92,139.00,,,,,,,,,,,,,,,,,
yt trimmer,BDT,500,900%,900%,Low,1,,,,,,,,,,,,,,,,,,,
extract part of youtube video online,BDT,50,0%,0%,Low,3,,,,,,,,,,,,,,,,,,,
youtube trim and download online,BDT,50,0%,0%,Low,0,,,,,,,,,,,,,,,,,,,
download youtube video online cut,BDT,50,0%,-90%,Low,0,,,,,,,,,,,,,,,,,,,
video maker cut,BDT,50,0%,0%,Low,20,24.47,45.49,,,,,,,,,,,,,,,,,
youtube clip cut and download,BDT,500,0%,-90%,Low,3,,,,,,,,,,,,,,,,,,,
youtube cut and download free online,BDT,50,0%,-90%,Low,0,,,,,,,,,,,,,,,,,,,
cut multiple parts of a video,BDT,50,0%,0%,Low,15,,,,,,,,,,,,,,,,,,,
youtube to mp4 with trim,BDT,5000,0%,-99%,Low,1,,,,,,,,,,,,,,,,,,,
download youtube video with trim,BDT,50,0%,0%,Low,0,,,,,,,,,,,,,,,,,,,
youtube video split online,BDT,500,0%,0%,Low,4,21.31,142.56,,,,,,,,,,,,,,,,,
crop part of video online,BDT,50,0%,-90%,Low,7,,,,,,,,,,,,,,,,,,,
youtube video downloader cutter online,BDT,50,0%,0%,Low,0,,,,,,,,,,,,,,,,,,,
online youtube video crop and download,BDT,50,0%,0%,Low,1,,,,,,,,,,,,,,,,,,,
video cutter app free download,BDT,50,0%,0%,Medium,43,1.27,18.44,,,,,,,,,,,,,,,,,
youtube cut download online,BDT,50,0%,0%,Low,0,,,,,,,,,,,,,,,,,,,
youtube video crop and download online,BDT,50,0%,0%,Low,0,,,,,,,,,,,,,,,,,,,
cut and save youtube video,BDT,50,0%,0%,Low,3,,,,,,,,,,,,,,,,,,,
cut video download youtube,BDT,50,0%,0%,Low,0,,,,,,,,,,,,,,,,,,,
best video cutting tool,BDT,50,0%,0%,Medium,42,37.46,355.91,,,,,,,,,,,,,,,,,
youtube video cutter and merger,BDT,50,0%,0%,Low,8,,,,,,,,,,,,,,,,,,,
remove clips,BDT,500,0%,0%,Medium,51,,,,,,,,,,,,,,,,,,,
video cutter from youtube link,BDT,50,0%,0%,Low,4,,,,,,,,,,,,,,,,,,,
video cutter in youtube,BDT,50000,0%,0%,Low,3,11.07,137.71,,,,,,,,,,,,,,,,,
trim mkv online,BDT,50,0%,0%,Low,8,,,,,,,,,,,,,,,,,,,
youtube clipper mp4,BDT,50,0%,0%,Low,0,,,,,,,,,,,,,,,,,,,
iphone video trimmer,BDT,5000,0%,0%,Low,7,31.97,286.48,,,,,,,,,,,,,,,,,
youtube download clipper,BDT,50,0%,0%,Low,2,,,,,,,,,,,,,,,,,,,
clip cutter software,BDT,50,0%,0%,Medium,49,95.01,392.90,,,,,,,,,,,,,,,,,
trim and download video from youtube,BDT,50,0%,0%,Low,1,,,,,,,,,,,,,,,,,,,
edit youtube video length,BDT,50,0%,0%,Low,2,,,,,,,,,,,,,,,,,,,
mkv video cutter for pc,BDT,50,0%,0%,Low,10,,,,,,,,,,,,,,,,,,,
trim and download youtube,BDT,500,0%,0%,Low,0,,,,,,,,,,,,,,,,,,,
video cut crop,BDT,50,0%,0%,Low,3,,,,,,,,,,,,,,,,,,,
simple video clipping software,BDT,50,0%,0%,Medium,43,,,,,,,,,,,,,,,,,,,
cut and download youtube video high quality,BDT,50,∞,0%,Low,14,,,,,,,,,,,,,,,,,,,
download video trimmer for pc,BDT,500,0%,0%,Medium,40,1.66,35.66,,,,,,,,,,,,,,,,,
download youtube and trim,BDT,50,0%,0%,Low,2,,,,,,,,,,,,,,,,,,,
free video trimming software for pc,BDT,50,0%,0%,Medium,59,70.51,347.35,,,,,,,,,,,,,,,,,
trim and download youtube video free,BDT,500,900%,0%,Low,1,,,,,,,,,,,,,,,,,,,
video cutter and audio converter,BDT,50,0%,0%,Low,13,,,,,,,,,,,,,,,,,,,
video splitter free,BDT,500,0%,0%,Low,22,13.51,137.02,,,,,,,,,,,,,,,,,
edit mp4 online free,BDT,500,0%,0%,Low,23,6.00,111.89,,,,,,,,,,,,,,,,,
edit mp4 video online free,BDT,500,0%,0%,Low,29,7.03,152.69,,,,,,,,,,,,,,,,,
edit mp4 free online,BDT,500,0%,0%,Low,23,6.00,111.89,,,,,,,,,,,,,,,,,
online video cutter com safe,BDT,500,0%,0%,Low,4,24.38,78.33,,,,,,,,,,,,,,,,,
video cut online tool,BDT,50,0%,0%,Low,13,,,,,,,,,,,,,,,,,,,
edit video file online,BDT,50,0%,-90%,Low,28,12.09,180.80,,,,,,,,,,,,,,,,,
online video snipper,BDT,50,0%,0%,Low,7,,,,,,,,,,,,,,,,,,,
1 hour video trimmer,BDT,50,0%,0%,Low,13,,,,,,,,,,,,,,,,,,,
3gp cutter,BDT,50,0%,0%,Low,0,,,,,,,,,,,,,,,,,,,
any video trimmer,BDT,50,0%,0%,Low,8,,,,,,,,,,,,,,,,,,,
avi cutter free,BDT,50,0%,0%,Medium,33,,,,,,,,,,,,,,,,,,,
clip video online without watermark,BDT,50,0%,-100%,Unknown,,,,,,,,,,,,,,,,,,,,
compress video length,BDT,50,0%,0%,Low,9,1.46,189.94,,,,,,,,,,,,,,,,,
crop and trim video without watermark,BDT,50,0%,0%,Low,0,,,,,,,,,,,,,,,,,,,
crop time video online,BDT,50,0%,0%,Low,7,,,,,,,,,,,,,,,,,,,
cut avi file,BDT,50,0%,0%,Low,19,43.82,159.12,,,,,,,,,,,,,,,,,
cut avi file online,BDT,50,0%,0%,Low,4,,,,,,,,,,,,,,,,,,,
cut mp4 in half,BDT,50,0%,0%,Low,3,,,,,,,,,,,,,,,,,,,
cut part from video online,BDT,50,0%,0%,Low,17,,,,,,,,,,,,,,,,,,,
cut video com,BDT,50,0%,0%,Low,2,,,,,,,,,,,,,,,,,,,
cut video online free download,BDT,50,0%,0%,Low,10,,,,,,,,,,,,,,,,,,,
cut video online more than 500mb,BDT,50,0%,∞,Low,0,,,,,,,,,,,,,,,,,,,
cut video without watermark online,BDT,50,∞,0%,Low,0,,,,,,,,,,,,,,,,,,,
cut videos online no watermark,BDT,50,0%,0%,Low,6,,,,,,,,,,,,,,,,,,,
cute video online,BDT,50000,0%,0%,Low,8,6.68,72.93,,,,,,,,,,,,,,,,,
cutter mp4 online free,BDT,50,0%,0%,Low,1,,,,,,,,,,,,,,,,,,,
download cut video online,BDT,50,0%,0%,Low,4,,,,,,,,,,,,,,,,,,,
download video cutter online,BDT,50,0%,0%,Low,0,,,,,,,,,,,,,,,,,,,
edit mp4 file online free,BDT,50,0%,0%,Low,32,30.74,127.26,,,,,,,,,,,,,,,,,
fast video cutter free,BDT,50,0%,0%,Low,5,,,,,,,,,,,,,,,,,,,
free cutter video online,BDT,50,0%,0%,Low,2,,,,,,,,,,,,,,,,,,,
free mkv trimmer,BDT,50,0%,0%,Low,21,8.33,35.66,,,,,,,,,,,,,,,,,
free movie trimmer,BDT,50,0%,0%,Low,10,,,,,,,,,,,,,,,,,,,
free mp4 cutter and editor,BDT,50,0%,0%,High,86,,,,,,,,,,,,,,,,,,,
free online video cutter and downloader,BDT,50,0%,0%,Low,0,,,,,,,,,,,,,,,,,,,
free online video cutter for big files,BDT,50,0%,0%,Low,23,,,,,,,,,,,,,,,,,,,
free online video editor trimmer,BDT,50,0%,0%,Low,14,,,,,,,,,,,,,,,,,,,
free online video snipping tool,BDT,50,0%,0%,Low,0,,,,,,,,,,,,,,,,,,,
free video trimmers,BDT,50,0%,0%,Low,31,,,,,,,,,,,,,,,,,,,
google drive video trimmer,BDT,50,0%,0%,Low,9,,,,,,,,,,,,,,,,,,,
google online video cutter,BDT,50,0%,0%,Low,3,,,,,,,,,,,,,,,,,,,
lossless video trimmer,BDT,50,900%,900%,Low,5,17.21,304.26,,,,,,,,,,,,,,,,,
movie cut free,BDT,50,0%,0%,Low,5,,,,,,,,,,,,,,,,,,,
movie trim online,BDT,50,0%,0%,Low,1,,,,,,,,,,,,,,,,,,,
moviecutter,BDT,50,0%,0%,Low,14,,,,,,,,,,,,,,,,,,,
mp4 converter cut,BDT,50,0%,0%,Low,0,,,,,,,,,,,,,,,,,,,
mp4 cut converter,BDT,50,0%,0%,Low,5,,,,,,,,,,,,,,,,,,,
mp4 cutter online converter free,BDT,50,∞,∞,Low,0,,,,,,,,,,,,,,,,,,,
mp4 file splitter online,BDT,50,0%,0%,Low,11,,,,,,,,,,,,,,,,,,,
mp4 trimmer no watermark,BDT,50,0%,0%,Low,21,,,,,,,,,,,,,,,,,,,
mp4trimmer,BDT,50,0%,0%,Low,2,,,,,,,,,,,,,,,,,,,
mpeg trimmer,BDT,50,0%,0%,Low,6,,,,,,,,,,,,,,,,,,,
online cut movie,BDT,500,0%,0%,Low,13,8.78,84.84,,,,,,,,,,,,,,,,,
online cut video download,BDT,50,0%,0%,Low,0,,,,,,,,,,,,,,,,,,,
online cutter video free,BDT,50,0%,0%,Low,5,,,,,,,,,,,,,,,,,,,
online free video cutter joiner,BDT,50,0%,0%,Low,0,,,,,,,,,,,,,,,,,,,
online large size video cutter,BDT,50,0%,0%,Low,0,,,,,,,,,,,,,,,,,,,
online video chopper,BDT,50,0%,0%,Low,7,,,,,,,,,,,,,,,,,,,
online video converter cutter,BDT,50,0%,0%,Low,0,,,,,,,,,,,,,,,,,,,
online video cute,BDT,5000,0%,0%,Low,4,5.77,112.32,,,,,,,,,,,,,,,,,
online video cutter and converter,BDT,50,0%,0%,Low,0,,,,,,,,,,,,,,,,,,,
online video cutter for 1 gb file,BDT,50,0%,0%,Low,5,,,,,,,,,,,,,,,,,,,
online video cutter for big files,BDT,50,0%,0%,Low,14,,,,,,,,,,,,,,,,,,,
online video cutter free fast,BDT,50,0%,0%,Low,8,,,,,,,,,,,,,,,,,,,
online video cutter over 500mb,BDT,50,∞,∞,Low,0,,,,,,,,,,,,,,,,,,,
online video trimmer fast,BDT,50,0%,∞,Low,3,,,,,,,,,,,,,,,,,,,
online video trimmer free no watermark,BDT,50,0%,0%,Low,2,,,,,,,,,,,,,,,,,,,
online video trimmer no limit,BDT,50,0%,0%,Low,0,,,,,,,,,,,,,,,,,,,
online video trimmer online,BDT,50,0%,0%,Low,12,,,,,,,,,,,,,,,,,,,
online video trimmer without watermark free,BDT,50,0%,-100%,Unknown,,,,,,,,,,,,,,,,,,,,
online videotrimmer,BDT,50,0%,0%,Low,4,,,,,,,,,,,,,,,,,,,
online_video_cutter com,BDT,50,0%,0%,Low,1,,,,,,,,,,,,,,,,,,,
onlinevideocut,BDT,50,0%,0%,Low,11,38.79,66.19,,,,,,,,,,,,,,,,,
rim video online,BDT,50,0%,0%,Low,6,,,,,,,,,,,,,,,,,,,
split mp4 free,BDT,50,0%,0%,Low,19,8.34,189.07,,,,,,,,,,,,,,,,,
split mp4 into parts online free,BDT,50,0%,0%,Low,16,8.32,42.07,,,,,,,,,,,,,,,,,
trim and merge videos online free,BDT,500,0%,900%,Low,12,6.37,165.99,,,,,,,,,,,,,,,,,
trim large video files,BDT,50,0%,0%,Low,25,,,,,,,,,,,,,,,,,,,
trim video on line,BDT,50000,0%,0%,Low,5,5.08,132.79,,,,,,,,,,,,,,,,,
trim video online fast,BDT,50,0%,0%,Low,5,,,,,,,,,,,,,,,,,,,
trim video without watermark online,BDT,50,0%,0%,Low,0,,,,,,,,,,,,,,,,,,,
video compressor & video cutter,BDT,500,0%,-90%,Low,13,1.40,35.61,,,,,,,,,,,,,,,,,
video compressor and video cutter,BDT,50,0%,0%,Low,12,3.14,22.30,,,,,,,,,,,,,,,,,
video converter and trimmer,BDT,50,0%,0%,Low,5,,,,,,,,,,,,,,,,,,,
video cutter converter online,BDT,50,-100%,-100%,Unknown,,,,,,,,,,,,,,,,,,,,
video cutter for whatsapp status online,BDT,50,0%,0%,Low,7,,,,,,,,,,,,,,,,,,,
video cutter free online download,BDT,50,0%,∞,Low,11,,,,,,,,,,,,,,,,,,,
video cutter online more than 1 gb,BDT,50,0%,0%,Low,5,,,,,,,,,,,,,,,,,,,
video cutter pc online,BDT,50,0%,0%,Low,0,,,,,,,,,,,,,,,,,,,
video downloader and cutter online,BDT,50,0%,0%,Low,0,,,,,,,,,,,,,,,,,,,
video multi trimmer,BDT,50,0%,0%,Low,7,,,,,,,,,,,,,,,,,,,
video trimmer com,BDT,50,0%,0%,Low,0,,,,,,,,,,,,,,,,,,,
video trimmer for pc online,BDT,50,0%,0%,Low,6,,,,,,,,,,,,,,,,,,,
video trimmer online converter,BDT,50,0%,∞,Low,0,,,,,,,,,,,,,,,,,,,
video trimmer online fast,BDT,50,0%,0%,Low,5,,,,,,,,,,,,,,,,,,,
video trimmer without watermark online,BDT,50,∞,0%,Low,0,,,,,,,,,,,,,,,,,,,
vob cutter online,BDT,50,0%,0%,Low,4,,,,,,,,,,,,,,,,,,,
youtube to mp4 video converter and trimmer,BDT,50,0%,0%,Low,1,,,,,,,,,,,,,,,,,,,
